model,seed,evaluation_split,result_status,reward_version,training_device,inference_device,checkpoint_validation_gate,new_interactions,base_anchor_interactions,effective_total_interactions,checkpoint,checkpoint_sha256,total_irrigation_mm,time_in_target_pct,violation_rate_pct,rmse_band,action_smoothness,deficit_rate_pct,surplus_rate_pct,drainage_total_mm,runoff_total_mm,mean_soil_moisture,max_abs_mass_balance_error_mm,cumulative_reward
DDPG,11,retrospective_final_benchmark_2025,CONFIRMATORY,reward_v4,cuda,cpu,False,6720,0,6720,Checkpoints/DDPG/ddpg_seed11_best.pt,81881271ec4156996b4edb6c291f85be94d384f237660af8fb8eaf3e254a31f4,0.0004227459430694,29.8972602739726,70.1027397260274,0.0312326720670655,5.9305226534710505e-08,33.68721461187214,36.41552511415525,686.2464476807277,0.0,0.2714833601776159,1.4210854715202004e-14,-26020.150857425844
DDPG,22,retrospective_final_benchmark_2025,CONFIRMATORY,reward_v4,cuda,cpu,False,6720,0,6720,Checkpoints/DDPG/ddpg_seed22_best.pt,bcd91561238eb78ae8ad52baac85544a21c79cc99eff484392913c7a9e4297a5,167.9190529882908,41.05022831050229,58.94977168949772,0.0269923026810603,0.0108367148797415,20.308219178082197,38.641552511415526,732.8568142458032,0.0,0.2879984252246873,1.4210854715202004e-14,-14767.435569608053
DDPG,33,retrospective_final_benchmark_2025,CONFIRMATORY,reward_v4,cuda,cpu,False,6720,0,6720,Checkpoints/DDPG/ddpg_seed33_best.pt,6a7fabbee54534745bb8b1a43e196f6019d7f895efd788c75b23feda6f924efe,0.0002762675285339,29.8972602739726,70.1027397260274,0.0312326867738357,4.0659636092357466e-08,33.68721461187214,36.41552511415525,686.2464970606827,0.0,0.2714833502375605,1.4210854715202004e-14,-26020.16971297568
DDPG,44,retrospective_final_benchmark_2025,CONFIRMATORY,reward_v4,cuda,cpu,True,6720,0,6720,Checkpoints/DDPG/ddpg_seed44_best.pt,262ab9bc1f3f94023dd9d19d8a6d4166873a90a2f9ac3219f326ae2875790fb4,333.9664838016033,55.5365296803653,44.4634703196347,0.021865801968489,0.0145540551169439,0.0,44.4634703196347,761.0993007288388,0.0,0.3179261320159777,1.4210854715202004e-14,-1088.6716224592546
DDPG,55,retrospective_final_benchmark_2025,CONFIRMATORY,reward_v4,cuda,cpu,True,6720,0,6720,Checkpoints/DDPG/ddpg_seed55_best.pt,85c2a567732b28762b6d859be975236f4071ef3bcdfa2fd31d9cb27b19cb01f9,364.2010018527508,53.60730593607306,46.39269406392694,0.0222316461812485,0.0201711348439885,0.0,46.39269406392694,791.1577007636931,0.0,0.3194541573589446,1.4210854715202004e-14,-1732.536563944781
DDPG,66,retrospective_final_benchmark_2025,CONFIRMATORY,reward_v4,cuda,cpu,True,6720,0,6720,Checkpoints/DDPG/ddpg_seed66_best.pt,c998fdb9a177131fc6f2a1fef33b7cb4f9e7786b8df46cc6f1e9883a593b5295,336.00480845570564,55.03424657534246,44.965753424657535,0.021877295376475,0.0255284491351837,0.0,44.965753424657535,763.1438283669088,0.0,0.3130708393311201,1.4210854715202004e-14,-1184.0264090824803
DDPG,77,retrospective_final_benchmark_2025,CONFIRMATORY,reward_v4,cuda,cpu,True,6720,0,6720,Checkpoints/DDPG/ddpg_seed77_best.pt,e22394c991c5a25e69a949e5db435ea24db030de6d373b01cb1b31815e40fdcf,312.98318073153496,58.07077625570777,41.92922374429224,0.0214666581876712,0.016539560147978,0.0,41.92922374429224,748.9097653563442,0.0,0.3054677120437029,1.4210854715202004e-14,-122.32165420052934
DDPG,88,retrospective_final_benchmark_2025,CONFIRMATORY,reward_v4,cuda,cpu,False,6720,0,6720,Checkpoints/DDPG/ddpg_seed88_best.pt,92323fd385e46cda48de07c67a13d7540b95ba00f85ad294d2cfa485a6dda5d8,0.0124639272689819,29.8972602739726,70.1027397260274,0.0312320529662723,1.4497797188931424e-06,33.68721461187214,36.41552511415525,686.247730104545,0.0,0.2714840586504935,1.4210854715202004e-14,-26019.28447226321
DDPG,99,retrospective_final_benchmark_2025,CONFIRMATORY,reward_v4,cuda,cpu,False,6720,0,6720,Checkpoints/DDPG/ddpg_seed99_best.pt,269a465058b0bed2f450e8c122a53616d3b4a691b0b0f2c7703da850b54f7ab6,0.001411885023117,29.8972602739726,70.1027397260274,0.0312326370589924,2.3215121092732634e-07,33.68721461187214,36.41552511415525,686.2466268271918,0.0,0.2714834178551109,1.4210854715202004e-14,-26020.089311199303
DDPG,110,retrospective_final_benchmark_2025,CONFIRMATORY,reward_v4,cuda,cpu,False,6720,0,6720,Checkpoints/DDPG/ddpg_seed110_best.pt,9b6a3eb88baebffdd4cb3e1f53121a7f33de9a3007663ad9ed691b9082e31e82,0.0001868605613708,29.8972602739726,70.1027397260274,0.0312326877528389,3.4569196878523164e-08,33.68721461187214,36.41552511415525,686.2464548476742,0.0,0.2714833443475611,1.4210854715202004e-14,-26020.172510499
TD3,11,retrospective_final_benchmark_2025,CONFIRMATORY,reward_v4,cuda,cpu,False,6720,0,6720,Checkpoints/TD3/td3_seed11_best.pt,3ce1c3cd092c72107f3d141a11e66628f47a30020fe9fcd592a321a0f2e2f724,362.9332956969738,53.53881278538813,46.46118721461187,0.0222617713954794,0.0169168330277328,0.0,46.46118721461187,790.2942122976892,0.0,0.3194911221778379,2.8421709430404014e-14,-1833.912981478281
TD3,22,retrospective_final_benchmark_2025,CONFIRMATORY,reward_v4,cuda,cpu,True,6720,0,6720,Checkpoints/TD3/td3_seed22_best.pt,ced943bafa3b4e3fc755f0de7981136338d6ab8b8832e2781ee2da887a3b5b24,352.46424090862274,54.06392694063927,45.93607305936073,0.0221263411757544,0.0136468182695906,0.0,45.93607305936073,779.4382707966471,0.0,0.3171288521814641,1.4210854715202004e-14,-1616.2409392273084
TD3,33,retrospective_final_benchmark_2025,CONFIRMATORY,reward_v4,cuda,cpu,False,6720,0,6720,Checkpoints/TD3/td3_seed33_best.pt,9797a71ddbb5296d5c4b621a47a10ed5e8f2ca1e048b3d0b5eb8785896dcfd99,0.0015901029109954,29.8972602739726,70.1027397260274,0.0312326561404595,2.182690924957934e-07,33.68721461187214,36.41552511415525,686.2470287420458,0.0,0.2714834289756707,1.4210854715202004e-14,-26020.122363379745
TD3,44,retrospective_final_benchmark_2025,CONFIRMATORY,reward_v4,cuda,cpu,False,6720,0,6720,Checkpoints/TD3/td3_seed44_best.pt,73f88b2b9924aefcb0bf3f37bf71f24f0bac1df9f23f4afd675fe99d7b2bd538,366.9730603694916,51.24429223744292,48.75570776255708,0.0223658292998365,0.0108586366195114,0.0,48.75570776255708,793.2537255369735,0.0,0.323395601382733,2.8421709430404014e-14,-2442.9409848550085
TD3,55,retrospective_final_benchmark_2025,CONFIRMATORY,reward_v4,cuda,cpu,False,6720,0,6720,Checkpoints/TD3/td3_seed55_best.pt,fbd53c657caad392edbe7cd0ad716e2291aee90a20fa0ef6cae097b5db7867a1,367.8567791879177,52.63698630136986,47.36301369863013,0.022382536658515,0.0104176117814775,0.0,47.36301369863013,794.7912166765421,0.0,0.3215638946410628,2.8421709430404014e-14,-2147.55767836892
TD3,66,retrospective_final_benchmark_2025,CONFIRMATORY,reward_v4,cuda,cpu,False,6720,0,6720,Checkpoints/TD3/td3_seed66_best.pt,2c92118f55708a6dbeece708fd6754d2592a48cec42c8781f2f53191f34669fa,0.0166785717010498,29.8972602739726,70.1027397260274,0.0312320215782199,2.3097735532465992e-06,33.68721461187214,36.41552511415525,686.2490353985895,0.0,0.27148436322313,1.4210854715202004e-14,-26019.103946198804
TD3,77,retrospective_final_benchmark_2025,CONFIRMATORY,reward_v4,cuda,cpu,True,6720,0,6720,Checkpoints/TD3/td3_seed77_best.pt,802b4d6559605461e8648692c4362aa407c485367ae56e7cb6c0dfb014c592ab,311.22181686758995,57.53424657534247,42.465753424657535,0.0214151912144308,0.0180509054153147,0.0,42.465753424657535,743.199007574178,0.0,0.308290036216615,1.4210854715202004e-14,-234.1742608417653
TD3,88,retrospective_final_benchmark_2025,CONFIRMATORY,reward_v4,cuda,cpu,False,6720,0,6720,Checkpoints/TD3/td3_seed88_best.pt,2408e5fb4331038127a6dcc776aea31d5b44a077cc9b5fc363f9d15e73779068,0.0156587362289428,29.8972602739726,70.1027397260274,0.0312320761507249,2.129612236837367e-06,33.68721461187214,36.41552511415525,686.2495940206222,0.0,0.2714842417306942,1.4210854715202004e-14,-26019.257473212063
TD3,99,retrospective_final_benchmark_2025,CONFIRMATORY,reward_v4,cuda,cpu,False,6720,0,6720,Checkpoints/TD3/td3_seed99_best.pt,06636fecf4c2b5d9a9f537aa375bc674bcd1c48c2d23331cfb327ece50ce4508,0.0418348610401153,29.8972602739726,70.1027397260274,0.0312310130497319,5.448221112375513e-06,33.68721461187214,36.41552511415525,686.2536389458226,0.0,0.2714858744293276,1.4210854715202004e-14,-26017.572151221288
TD3,110,retrospective_final_benchmark_2025,CONFIRMATORY,reward_v4,cuda,cpu,False,6720,0,6720,Checkpoints/TD3/td3_seed110_best.pt,553a426d1bdbe843e40ea725660b471dd1af93d88611a7b39d7782b942a00ee6,0.001106858253479,29.8972602739726,70.1027397260274,0.0312326606309864,1.801953412093097e-07,33.68721461187214,36.41552511415525,686.2467246213166,0.0,0.2714834001145602,1.4210854715202004e-14,-26020.130110780126
SAC,11,retrospective_final_benchmark_2025,CONFIRMATORY,reward_v4,cuda,cpu,True,6720,0,6720,Checkpoints/Fair_DRL/SAC/sac_seed11_best.pt,a5b5515ccdd9a325c38790b98bf971365347ffb392f36a54983f16c5e809825c,363.9682439863682,54.34931506849316,45.65068493150685,0.0222405383240826,0.0147948000396763,0.0,45.65068493150685,790.3963961208449,0.0,0.3164681360005872,1.4210854715202004e-14,-1635.231336617761
SAC,22,retrospective_final_benchmark_2025,CONFIRMATORY,reward_v4,cuda,cpu,True,6720,0,6720,Checkpoints/Fair_DRL/SAC/sac_seed22_best.pt,be956eea64d7c1922120fcae84bb2052670f37f8787a5cfd7abbdbfac961efc2,392.07386296987534,56.03881278538813,43.96118721461188,0.0223409211647084,0.0220364492557979,0.0,43.96118721461188,822.684859684949,0.0,0.3078096569743293,1.4210854715202004e-14,-1097.0804009602289
SAC,33,retrospective_final_benchmark_2025,CONFIRMATORY,reward_v4,cuda,cpu,True,6720,0,6720,Checkpoints/Fair_DRL/SAC/sac_seed33_best.pt,a292da3fa2b0069874f58b9836c9126bcbd61a061960f2e07778558e7fb3efd1,344.1287980377674,55.81050228310502,44.18949771689498,0.0219482942003519,0.0092861546591164,0.0,44.18949771689498,773.8239274937941,0.0,0.306555749619147,1.4210854715202004e-14,-1051.7821780945033
SAC,44,retrospective_final_benchmark_2025,CONFIRMATORY,reward_v4,cuda,cpu,True,6720,0,6720,Checkpoints/Fair_DRL/SAC/sac_seed44_best.pt,d59cddbbb0af9ce3b4015776f37a5ea3d439fafd65840833174f475e12e9c363,329.9202690422535,57.26027397260274,42.73972602739726,0.0216335411313111,0.0104018174658791,0.0,42.73972602739726,761.491585806887,0.0,0.3120884367734928,1.4210854715202004e-14,-428.7534398710195
SAC,55,retrospective_final_benchmark_2025,CONFIRMATORY,reward_v4,cuda,cpu,True,6720,0,6720,Checkpoints/Fair_DRL/SAC/sac_seed55_best.pt,aa2a2e370df694c2c6c53440615b5d7a77b0e9c919b5d330bce6e22c8a763e09,472.0233750343323,52.8310502283105,47.1689497716895,0.0233437368270669,0.0345389711515233,0.0,47.1689497716895,898.2271010456545,0.0,0.3179263607543453,2.8421709430404014e-14,-2498.702565157611
SAC,66,retrospective_final_benchmark_2025,CONFIRMATORY,reward_v4,cuda,cpu,True,6720,0,6720,Checkpoints/Fair_DRL/SAC/sac_seed66_best.pt,b8b2a592c3c3ab05d208d068ac2e72e96cf02f8f5a626aa618138799a4366da4,379.19644409418106,53.45890410958904,46.54109589041096,0.0224406782340602,0.0120404853009921,0.0,46.54109589041096,806.00965506167,0.0,0.3172861969080174,2.8421709430404014e-14,-1959.6995461932324
SAC,77,retrospective_final_benchmark_2025,CONFIRMATORY,reward_v4,cuda,cpu,True,6720,0,6720,Checkpoints/Fair_DRL/SAC/sac_seed77_best.pt,075e7fea4a8b994d7c1074ba1e7d3a087e9de05262d4ba7dad1adcbc31de68ba,317.25008007884026,50.30821917808219,49.69178082191781,0.0214951855940534,0.0100758974819453,8.926940639269407,40.764840182648406,761.1924301705192,0.0,0.2977671260931419,1.4210854715202004e-14,-2272.134495448685
SAC,88,retrospective_final_benchmark_2025,CONFIRMATORY,reward_v4,cuda,cpu,True,6720,0,6720,Checkpoints/Fair_DRL/SAC/sac_seed88_best.pt,dcf4b45b859fa169e6e6194f51cb67d7cfda41548c66d1f5fdec4b18f2e373f4,349.23950147628784,55.57077625570776,44.42922374429224,0.0219555133752765,0.0119382992824036,0.0,44.42922374429224,777.8459480768644,0.0,0.3129540926453561,1.4210854715202004e-14,-1076.4736809072892
SAC,99,retrospective_final_benchmark_2025,CONFIRMATORY,reward_v4,cuda,cpu,True,6720,0,6720,Checkpoints/Fair_DRL/SAC/sac_seed99_best.pt,11650209afccd0065c436661afbcf896072ffb373c6129f9bfee35a05ef09902,382.8724527657032,53.05936073059361,46.94063926940639,0.0224796236052376,0.0103129886515214,0.0,46.94063926940639,808.7973899363576,0.0,0.3180323987697495,2.8421709430404014e-14,-2093.929384233965
SAC,110,retrospective_final_benchmark_2025,CONFIRMATORY,reward_v4,cuda,cpu,False,6720,0,6720,Checkpoints/Fair_DRL/SAC/sac_seed110_best.pt,5c0f619863fddbdd9d3e8b0c7542756a1dfce5f7398ffe314e9de8480301480f,610.3058835566044,52.47716894977169,47.52283105022831,0.0246179499006751,0.0437932969643544,0.0,47.52283105022831,1027.9975174393835,8.564019726911567,0.3166752988517227,2.8421709430404014e-14,-3086.2291060646558
SACSI-POMDP,11,retrospective_final_benchmark_2025,CONFIRMATORY,reward_v4,cuda,cpu,True,6720,6720,13440,Checkpoints/POMDP_Ablation/sacsi_full/sacsi_full_seed11_best.pt,f7334b7143035614558fb80e78b61ddb63a3204ab3420e58dfe118f7b42c8cf7,358.0689211189747,54.965753424657535,45.03424657534247,0.0221390340778627,0.0173221019519111,0.0,45.03424657534247,784.3496554751598,0.0,0.3143605043323005,1.4210854715202004e-14,-1423.4152295392396
SACSI-POMDP,22,retrospective_final_benchmark_2025,CONFIRMATORY,reward_v4,cuda,cpu,True,6720,6720,13440,Checkpoints/POMDP_Ablation/sacsi_full/sacsi_full_seed22_best.pt,8af5b9d69e4d1eb7187854f9c3a6575ec1935e0443b5df4f7011202e50497f54,394.6850163936615,56.267123287671225,43.73287671232877,0.0222897324041581,0.0297535447235153,0.0,43.73287671232877,824.3504911951243,0.0,0.3059615287695921,1.4210854715202004e-14,-974.0627560128067
SACSI-POMDP,33,retrospective_final_benchmark_2025,CONFIRMATORY,reward_v4,cuda,cpu,True,6720,6720,13440,Checkpoints/POMDP_Ablation/sacsi_full/sacsi_full_seed33_best.pt,4084a79674549b2645ba263c026409dbaefdfe27c2d6b004f2030e962773c19f,344.1287980377674,55.81050228310502,44.18949771689498,0.0219482942003519,0.0092861546591164,0.0,44.18949771689498,773.8239274937941,0.0,0.306555749619147,1.4210854715202004e-14,-1051.7821780945033
SACSI-POMDP,44,retrospective_final_benchmark_2025,CONFIRMATORY,reward_v4,cuda,cpu,True,6720,6720,13440,Checkpoints/POMDP_Ablation/sacsi_full/sacsi_full_seed44_best.pt,52f140e8235d8dbd7327943490a41386ba227bdde56e1580817cddb9bce0af81,341.1855608224869,57.089041095890416,42.91095890410959,0.0217753993855761,0.01115235419888,0.0,42.91095890410959,773.4771845428659,0.0,0.3088710018802939,1.4210854715202004e-14,-542.7144731519284
SACSI-POMDP,55,retrospective_final_benchmark_2025,CONFIRMATORY,reward_v4,cuda,cpu,True,6720,6720,13440,Checkpoints/POMDP_Ablation/sacsi_full/sacsi_full_seed55_best.pt,ee354266e16c443b84384b19a269b6eb19e1fe6cd381e8992045a33f783f5c7b,372.7864509522915,55.60502283105024,44.39497716894977,0.0222247049384147,0.0207210731147045,0.0,44.39497716894977,802.9212480459258,0.0,0.3122676644154281,1.4210854715202004e-14,-1191.0832371246966
SACSI-POMDP,66,retrospective_final_benchmark_2025,CONFIRMATORY,reward_v4,cuda,cpu,True,6720,6720,13440,Checkpoints/POMDP_Ablation/sacsi_full/sacsi_full_seed66_best.pt,d35b62ffb603072d092cf34db327cba7c08c29df71d36ccd22967fc908a420fc,353.97741597890854,55.4337899543379,44.5662100456621,0.0220483586394338,0.0122611634412004,0.0,44.5662100456621,783.4113054376896,0.0,0.313514622460284,1.4210854715202004e-14,-1184.7142174881642
SACSI-POMDP,77,retrospective_final_benchmark_2025,CONFIRMATORY,reward_v4,cuda,cpu,True,6720,6720,13440,Checkpoints/POMDP_Ablation/sacsi_full/sacsi_full_seed77_best.pt,791422c2f7c852dc85751bf6ea62c470efa71a917296413f0617cbfd788fd1fd,317.25008007884026,50.30821917808219,49.69178082191781,0.0214951855940534,0.0100758974819453,8.926940639269407,40.764840182648406,761.1924301705192,0.0,0.2977671260931419,1.4210854715202004e-14,-2272.134495448685
SACSI-POMDP,88,retrospective_final_benchmark_2025,CONFIRMATORY,reward_v4,cuda,cpu,True,6720,6720,13440,Checkpoints/POMDP_Ablation/sacsi_full/sacsi_full_seed88_best.pt,fd1da8a6ded8b2d0c4e76be3c19690e8334d26153b09f260a0da34bb7321adad,354.28326469659805,56.21004566210046,43.789954337899545,0.0219601324384677,0.0164537526065729,0.0,43.789954337899545,785.4525346775785,0.0,0.3115144646569948,1.4210854715202004e-14,-862.2760053717839
SACSI-POMDP,99,retrospective_final_benchmark_2025,CONFIRMATORY,reward_v4,cuda,cpu,True,6720,6720,13440,Checkpoints/POMDP_Ablation/sacsi_full/sacsi_full_seed99_best.pt,ad6dd59db91184e8f5c153f8ebae4c3d9838466d89068221e84418de181eb656,431.9469735324383,55.14840182648402,44.85159817351598,0.0228620918396308,0.0210750155292943,0.0,44.85159817351598,857.3310682700702,1.1767303495154522,0.3150366922827275,1.4210854715202004e-14,-1546.2922903139238
SACSI-POMDP,110,retrospective_final_benchmark_2025,CONFIRMATORY,reward_v4,cuda,cpu,False,6720,6720,13440,Checkpoints/POMDP_Ablation/sacsi_full/sacsi_full_seed110_best.pt,51f2a1406bc51618ed3b2b4177af56ff59933203b872116c3e951641545d7bcb,453.6605497598648,53.34474885844749,46.65525114155251,0.0229374129573369,0.03343809026264,3.550228310502283,43.10502283105023,889.3845431918194,0.9913956828877132,0.3047089046165014,1.4210854715202004e-14,-1975.2982333366465
