experiment,condition,seed,total_irrigation_mm,time_in_target_pct,violation_rate_pct,rmse_band,action_smoothness,deficit_rate_pct,surplus_rate_pct,drainage_total_mm,runoff_total_mm,mean_soil_moisture,max_abs_mass_balance_error_mm
context_ablation,Full,11,347.1227196455002,55.4337899543379,44.5662100456621,0.021980129424334215,0.012449751329389334,0.07990867579908677,44.486301369863014,773.7505893491251,0.0,0.3122987047635307,1.4210854715202004e-14
context_ablation,No History,11,351.35588186979294,55.25114155251142,44.74885844748858,0.022040973039566175,0.012708024093856794,0.0,44.74885844748858,777.9364846559811,0.0,0.312963934707611,1.4210854715202004e-14
context_ablation,No Forecast,11,351.50094845891,55.205479452054796,44.794520547945204,0.02204635303357074,0.012571782346647725,0.0,44.794520547945204,778.029879490337,0.0,0.31321698916970325,1.4210854715202004e-14
context_ablation,No Context,11,355.94068017601967,55.01141552511416,44.98858447488585,0.022108021172193685,0.012848493970274748,0.0,44.98858447488585,782.4234302863503,0.0,0.31386542210217483,1.4210854715202004e-14
context_ablation,Shuffled History,11,348.1635383963585,55.422374429223744,44.577625570776256,0.02199592943307554,0.012608074947284881,0.07990867579908677,44.49771689497717,774.7893462915715,0.0,0.3124037799725692,1.4210854715202004e-14
context_ablation,Reversed History,11,348.309315353632,55.4337899543379,44.5662100456621,0.021997451020727435,0.01261138891858017,0.07990867579908677,44.486301369863014,774.9383908928619,0.0,0.312390299547398,1.4210854715202004e-14
context_ablation,Zero History,11,347.9407120645046,55.4337899543379,44.5662100456621,0.021988301930184577,0.0126198458642989,0.091324200913242,44.474885844748854,774.5682974431669,0.0,0.31248835379965667,1.4210854715202004e-14
context_ablation,Shuffled Forecast,11,346.89064371585846,55.525114155251146,44.474885844748854,0.02197390792123218,0.012958817036814145,0.05707762557077625,44.417808219178085,773.4871052116528,0.0,0.31256666111157994,1.4210854715202004e-14
context_ablation,Zero Forecast,11,347.4647312760353,55.525114155251146,44.474885844748854,0.021983587464985924,0.012468797589072437,0.01141552511415525,44.4634703196347,774.0507327019208,0.0,0.31265171003294356,1.4210854715202004e-14
forecast_robustness,SF10,11,347.1330355107784,55.4337899543379,44.5662100456621,0.021980266543312837,0.012435628026162453,0.07990867579908677,44.486301369863014,773.7610543666749,0.0,0.3123014694648374,1.4210854715202004e-14
forecast_robustness,SF20,11,347.1227196455002,55.4337899543379,44.5662100456621,0.021980129424334215,0.012449751329389334,0.07990867579908677,44.486301369863014,773.7505893491251,0.0,0.3122987047635307,1.4210854715202004e-14
forecast_robustness,SF30,11,347.1016378104687,55.4337899543379,44.5662100456621,0.021979802019534384,0.012472416636932658,0.07990867579908677,44.486301369863014,773.7296614010417,0.0,0.3122950640112419,1.4210854715202004e-14
sequence_sensitivity,k6,11,347.4265522658825,55.410958904109584,44.58904109589041,0.02198441955818028,0.012447129946509539,0.07990867579908677,44.509132420091326,774.0494561456474,0.0,0.31235514842358775,1.4210854715202004e-14
sequence_sensitivity,k12,11,347.16238874197006,55.4337899543379,44.5662100456621,0.02198066559226984,0.012450136816764289,0.07990867579908677,44.486301369863014,773.7895902456266,0.0,0.31230555279405403,1.4210854715202004e-14
sequence_sensitivity,k24,11,347.1227196455002,55.4337899543379,44.5662100456621,0.021980129424334215,0.012449751329389334,0.07990867579908677,44.486301369863014,773.7505893491251,0.0,0.3122987047635307,1.4210854715202004e-14
sequence_sensitivity,k48,11,347.12192636728287,55.4337899543379,44.5662100456621,0.021980119746791354,0.012449740193072267,0.07990867579908677,44.486301369863014,773.7498094425998,0.0,0.31229859595836545,1.4210854715202004e-14
context_ablation,Full,22,387.859356790781,51.79223744292237,48.20776255707763,0.022639614448622798,0.008033608377000243,0.0,48.20776255707763,813.9485607915167,0.0,0.3192799898816619,1.4210854715202004e-14
context_ablation,No History,22,426.4591399729252,49.17808219178082,50.821917808219176,0.023221705909302205,0.008690368654194699,0.0,50.821917808219176,851.8799382675015,0.0,0.32178329042745146,2.842170943040401e-14
context_ablation,No Forecast,22,400.384026825428,50.456621004566216,49.54337899543379,0.022820359881926735,0.007801466223474697,0.0,49.54337899543379,826.1824715874196,0.0,0.32068267041274356,1.4210854715202004e-14
context_ablation,No Context,22,443.5128252506256,47.79680365296804,52.20319634703196,0.023464864171886337,0.00837495733524161,0.0,52.20319634703196,868.5078576244875,0.0,0.32345948631406374,1.4210854715202004e-14
context_ablation,Shuffled History,22,389.89029654860497,51.56392694063927,48.43607305936073,0.022674167034668933,0.008799754068696045,0.0,48.43607305936073,815.9754651004714,0.0,0.3192944266103268,1.4210854715202004e-14
context_ablation,Reversed History,22,388.21213072538376,51.735159817351594,48.2648401826484,0.022650782828476865,0.008062282246478494,0.0,48.2648401826484,814.2750420446743,0.0,0.319313495124692,2.842170943040401e-14
context_ablation,Zero History,22,426.7042982876301,49.166666666666664,50.83333333333333,0.023225024666896882,0.008694898328194268,0.0,50.83333333333333,852.1206468387605,0.0,0.32180313702130336,2.842170943040401e-14
context_ablation,Shuffled Forecast,22,386.421268671751,51.65525114155252,48.34474885844749,0.02262606310165256,0.00889968215051423,0.0,48.34474885844749,812.4669481628331,0.0,0.3194250129928664,2.842170943040401e-14
context_ablation,Zero Forecast,22,393.2940899133682,51.07305936073059,48.926940639269404,0.022721608955550993,0.007663201300408391,0.0,48.926940639269404,819.2183701396009,0.0,0.3200545044073857,2.842170943040401e-14
forecast_robustness,SF10,22,387.96200489997864,51.79223744292237,48.20776255707763,0.022641015712707043,0.007882213406073393,0.0,48.20776255707763,814.0503953350898,0.0,0.319287686405503,1.4210854715202004e-14
forecast_robustness,SF20,22,387.859356790781,51.79223744292237,48.20776255707763,0.022639614448622798,0.008033608377000243,0.0,48.20776255707763,813.9485607915167,0.0,0.3192799898816619,1.4210854715202004e-14
forecast_robustness,SF30,22,387.68039298057556,51.79223744292237,48.20776255707763,0.022637195727788304,0.008241825604468723,0.0,48.20776255707763,813.7712593992517,0.0,0.31926770306307883,1.4210854715202004e-14
sequence_sensitivity,k6,22,392.0817397534847,51.25570776255708,48.74429223744292,0.02270365909716084,0.008141296991734135,0.0,48.74429223744292,817.9751558264832,0.0,0.31989970625326936,2.842170943040401e-14
sequence_sensitivity,k12,22,388.92486321926117,51.81506849315068,48.18493150684932,0.02265518608629548,0.008590074496150003,0.0,48.18493150684932,814.9626564049588,0.0,0.31960292080237157,1.4210854715202004e-14
sequence_sensitivity,k24,22,387.859356790781,51.79223744292237,48.20776255707763,0.022639614448622798,0.008033608377000243,0.0,48.20776255707763,813.9485607915167,0.0,0.3192799898816619,1.4210854715202004e-14
sequence_sensitivity,k48,22,387.6141839623451,51.917808219178085,48.08219178082192,0.022635538385844377,0.008081054429592015,0.0,48.08219178082192,813.6921656575486,0.0,0.3191833032297667,1.4210854715202004e-14
context_ablation,Full,33,394.53127378225327,53.75570776255708,46.24429223744293,0.02253310642195431,0.028612960693512025,0.8447488584474886,45.39954337899543,822.4295945135012,0.0,0.3126849725826461,2.842170943040401e-14
context_ablation,No History,33,394.53127378225327,53.75570776255708,46.24429223744293,0.02253310642195431,0.028612960693512025,0.8447488584474886,45.39954337899543,822.4295945135012,0.0,0.3126849725826461,2.842170943040401e-14
context_ablation,No Forecast,33,394.53127378225327,53.75570776255708,46.24429223744293,0.02253310642195431,0.028612960693512025,0.8447488584474886,45.39954337899543,822.4295945135012,0.0,0.3126849725826461,2.842170943040401e-14
context_ablation,No Context,33,394.53127378225327,53.75570776255708,46.24429223744293,0.02253310642195431,0.028612960693512025,0.8447488584474886,45.39954337899543,822.4295945135012,0.0,0.3126849725826461,2.842170943040401e-14
context_ablation,Shuffled History,33,394.53127378225327,53.75570776255708,46.24429223744293,0.02253310642195431,0.028612960693512025,0.8447488584474886,45.39954337899543,822.4295945135012,0.0,0.3126849725826461,2.842170943040401e-14
context_ablation,Reversed History,33,394.53127378225327,53.75570776255708,46.24429223744293,0.02253310642195431,0.028612960693512025,0.8447488584474886,45.39954337899543,822.4295945135012,0.0,0.3126849725826461,2.842170943040401e-14
context_ablation,Zero History,33,394.53127378225327,53.75570776255708,46.24429223744293,0.02253310642195431,0.028612960693512025,0.8447488584474886,45.39954337899543,822.4295945135012,0.0,0.3126849725826461,2.842170943040401e-14
context_ablation,Shuffled Forecast,33,394.53127378225327,53.75570776255708,46.24429223744293,0.02253310642195431,0.028612960693512025,0.8447488584474886,45.39954337899543,822.4295945135012,0.0,0.3126849725826461,2.842170943040401e-14
context_ablation,Zero Forecast,33,394.53127378225327,53.75570776255708,46.24429223744293,0.02253310642195431,0.028612960693512025,0.8447488584474886,45.39954337899543,822.4295945135012,0.0,0.3126849725826461,2.842170943040401e-14
forecast_robustness,SF10,33,394.53127378225327,53.75570776255708,46.24429223744293,0.02253310642195431,0.028612960693512025,0.8447488584474886,45.39954337899543,822.4295945135012,0.0,0.3126849725826461,2.842170943040401e-14
forecast_robustness,SF20,33,394.53127378225327,53.75570776255708,46.24429223744293,0.02253310642195431,0.028612960693512025,0.8447488584474886,45.39954337899543,822.4295945135012,0.0,0.3126849725826461,2.842170943040401e-14
forecast_robustness,SF30,33,394.53127378225327,53.75570776255708,46.24429223744293,0.02253310642195431,0.028612960693512025,0.8447488584474886,45.39954337899543,822.4295945135012,0.0,0.3126849725826461,2.842170943040401e-14
sequence_sensitivity,k6,33,394.53127378225327,53.75570776255708,46.24429223744293,0.02253310642195431,0.028612960693512025,0.8447488584474886,45.39954337899543,822.4295945135012,0.0,0.3126849725826461,2.842170943040401e-14
sequence_sensitivity,k12,33,394.53127378225327,53.75570776255708,46.24429223744293,0.02253310642195431,0.028612960693512025,0.8447488584474886,45.39954337899543,822.4295945135012,0.0,0.3126849725826461,2.842170943040401e-14
sequence_sensitivity,k24,33,394.53127378225327,53.75570776255708,46.24429223744293,0.02253310642195431,0.028612960693512025,0.8447488584474886,45.39954337899543,822.4295945135012,0.0,0.3126849725826461,2.842170943040401e-14
sequence_sensitivity,k48,33,394.53127378225327,53.75570776255708,46.24429223744293,0.02253310642195431,0.028612960693512025,0.8447488584474886,45.39954337899543,822.4295945135012,0.0,0.3126849725826461,2.842170943040401e-14
context_ablation,Full,44,338.91160306334496,57.294520547945204,42.705479452054796,0.021765767038997994,0.01384843851363418,0.0,42.705479452054796,771.5489630557056,0.0,0.3103911837362683,1.4210854715202004e-14
context_ablation,No History,44,349.8566218614578,57.38584474885845,42.61415525114155,0.021876583640209144,0.017061988030656967,0.0,42.61415525114155,782.7634484135767,0.0,0.3105028865735127,1.4210854715202004e-14
context_ablation,No Forecast,44,355.651820063591,56.21004566210046,43.789954337899545,0.022000470672459214,0.014511357926113827,0.0,43.789954337899545,786.7105970715138,0.0,0.3124109698808009,1.4210854715202004e-14
context_ablation,No Context,44,368.3022954761982,56.57534246575342,43.42465753424658,0.02211373415942417,0.01855948615705658,0.0,43.42465753424658,800.0285983169786,0.0,0.3122526234983457,1.4210854715202004e-14
context_ablation,Shuffled History,44,364.3871046304703,56.88356164383561,43.11643835616438,0.022042553367303847,0.020346364595667115,0.0,43.11643835616438,796.6170322195716,0.0,0.31072763840559964,1.4210854715202004e-14
context_ablation,Reversed History,44,363.7307074368,56.974885844748854,43.025114155251146,0.022022919598939476,0.019584256378615442,0.0,43.025114155251146,796.0829615925418,0.0,0.31074466053623223,2.842170943040401e-14
context_ablation,Zero History,44,329.1648818552494,58.48173515981735,41.51826484018265,0.02156164483146206,0.015236114296062255,0.0,41.51826484018265,763.296555848718,0.0,0.30840284871635587,1.4210854715202004e-14
context_ablation,Shuffled Forecast,44,337.9916527867317,57.30593607305936,42.69406392694064,0.02174524238683466,0.01472706910559189,0.0,42.69406392694064,770.3266610054446,0.0,0.31068241795855756,1.4210854715202004e-14
context_ablation,Zero Forecast,44,341.88313296437263,56.99771689497717,43.00228310502283,0.021804936982908193,0.014062411423918455,0.0,43.00228310502283,773.9348857620133,0.0,0.31109440572694985,1.4210854715202004e-14
forecast_robustness,SF10,44,338.9822827875614,57.28310502283105,42.71689497716895,0.021766685041940854,0.013796026915743928,0.0,42.71689497716895,771.6217908553845,0.0,0.31039137849585047,1.4210854715202004e-14
forecast_robustness,SF20,44,338.91160306334496,57.294520547945204,42.705479452054796,0.021765767038997994,0.01384843851363418,0.0,42.705479452054796,771.5489630557056,0.0,0.3103911837362683,1.4210854715202004e-14
forecast_robustness,SF30,44,338.78467801213264,57.294520547945204,42.705479452054796,0.021763886594515443,0.013952908875640362,0.0,42.705479452054796,771.4202171661864,0.0,0.31038739974196805,1.4210854715202004e-14
sequence_sensitivity,k6,44,336.0341640114784,57.35159817351598,42.64840182648402,0.02171912452029301,0.013335654477385002,0.0,42.64840182648402,768.8118376138258,0.0,0.3100090297379731,1.4210854715202004e-14
sequence_sensitivity,k12,44,337.5004721581936,57.40867579908676,42.59132420091324,0.02174372689774146,0.013998000844181747,0.0,42.59132420091324,770.4871734400717,0.0,0.310127128859392,1.4210854715202004e-14
sequence_sensitivity,k24,44,338.91160306334496,57.294520547945204,42.705479452054796,0.021765767038997994,0.01384843851363418,0.0,42.705479452054796,771.5489630557056,0.0,0.3103911837362683,1.4210854715202004e-14
sequence_sensitivity,k48,44,339.0473687648773,57.28310502283105,42.71689497716895,0.02176764113985032,0.01385623543947605,0.0,42.71689497716895,771.7130430387142,0.0,0.31039633293538865,1.4210854715202004e-14
context_ablation,Full,55,448.00556832551956,49.42922374429224,50.57077625570776,0.023200376268120958,0.03239961646438557,1.2899543378995433,49.28082191780822,873.2540382024795,0.0,0.3184641955559427,1.4210854715202004e-14
context_ablation,No History,55,465.89948284626007,49.42922374429224,50.57077625570776,0.023372331041153882,0.037009116605422665,1.4383561643835616,49.1324200913242,891.960459817828,0.0,0.3189064123565909,1.4210854715202004e-14
context_ablation,No Forecast,55,490.26216292381287,47.57990867579909,52.42009132420091,0.023655119793231295,0.03777419605175101,1.2785388127853883,51.141552511415526,914.7651609207121,0.0,0.32041903337961125,1.4210854715202004e-14
context_ablation,No Context,55,514.7520569860935,46.141552511415526,53.858447488584474,0.02390018122656382,0.043208164624501506,1.3812785388127853,52.47716894977169,940.0440821586118,0.0,0.32090258536489524,2.842170943040401e-14
context_ablation,Shuffled History,55,470.4658502936363,48.926940639269404,51.07305936073059,0.023438321318334423,0.037358723120651825,1.3242009132420092,49.74885844748859,895.7569550677865,0.0,0.3189046189416289,2.842170943040401e-14
context_ablation,Reversed History,55,469.9184156060219,49.07534246575342,50.92465753424658,0.023429973852361986,0.03710757329496895,1.3013698630136987,49.62328767123287,895.1866721271163,0.0,0.3187946131266295,2.842170943040401e-14
context_ablation,Zero History,55,467.4661812186241,49.337899543378995,50.662100456621005,0.023389801615182764,0.037205477642923174,1.4383561643835616,49.22374429223744,893.4496006000111,0.0,0.31901859933456583,1.4210854715202004e-14
context_ablation,Shuffled Forecast,55,462.8518324792385,49.37214611872146,50.62785388127854,0.02334972996389096,0.03590265199166071,1.3926940639269407,49.2351598173516,888.6121889266506,0.0,0.3186337389556412,1.4210854715202004e-14
context_ablation,Zero Forecast,55,472.63485008478165,48.949771689497716,51.05022831050229,0.023450189521391916,0.035660548169450385,1.3584474885844748,49.69178082191781,897.9472607466772,0.0,0.31919530564162013,2.842170943040401e-14
forecast_robustness,SF10,55,448.48141035437584,49.42922374429224,50.57077625570776,0.023205241735159324,0.03247126262881247,1.2899543378995433,49.28082191780822,873.7191821073216,0.0,0.3184981443413098,1.4210854715202004e-14
forecast_robustness,SF20,55,448.00556832551956,49.42922374429224,50.57077625570776,0.023200376268120958,0.03239961646438557,1.2899543378995433,49.28082191780822,873.2540382024795,0.0,0.3184641955559427,1.4210854715202004e-14
forecast_robustness,SF30,55,447.4745708703995,49.474885844748854,50.52511415525114,0.023194696514575792,0.03233592141938953,1.2899543378995433,49.2351598173516,872.746827260624,0.0,0.31841059043630776,1.4210854715202004e-14
sequence_sensitivity,k6,55,447.11356657743454,49.509132420091326,50.490867579908674,0.023189395308020614,0.03231561027075115,1.2899543378995433,49.20091324200913,872.4021763898679,0.0,0.31843387773989085,1.4210854715202004e-14
sequence_sensitivity,k12,55,447.9011735022068,49.42922374429224,50.57077625570776,0.023199043836808448,0.032391290922444735,1.2899543378995433,49.28082191780822,873.1551491355503,0.0,0.31845951700063646,1.4210854715202004e-14
sequence_sensitivity,k24,55,448.00556832551956,49.42922374429224,50.57077625570776,0.023200376268120958,0.03239961646438557,1.2899543378995433,49.28082191780822,873.2540382024795,0.0,0.3184641955559427,1.4210854715202004e-14
sequence_sensitivity,k48,55,448.0082503259182,49.42922374429224,50.57077625570776,0.023200410385677002,0.0323997997355687,1.2899543378995433,49.28082191780822,873.2565962321829,0.0,0.3184643385771123,1.4210854715202004e-14
context_ablation,Full,66,342.98023465275764,56.99771689497717,43.00228310502283,0.02179391145720704,0.011682132112066663,0.0,43.00228310502283,777.686572364421,0.0,0.30474404896714274,1.4210854715202004e-14
context_ablation,No History,66,363.6180337071419,54.92009132420092,45.07990867579908,0.022191719061322304,0.013288530547783001,0.0,45.07990867579908,795.9605549253405,0.0,0.3103233196536913,1.4210854715202004e-14
context_ablation,No Forecast,66,351.848496735096,56.232876712328775,43.76712328767123,0.021946070276344848,0.011255537004609103,0.0,43.76712328767123,784.5016888802998,0.0,0.3079150422085972,1.4210854715202004e-14
context_ablation,No Context,66,378.2709575891495,54.01826484018265,45.98173515981735,0.02238774695955537,0.01277338038610669,0.0,45.98173515981735,808.1002106032488,0.0,0.3132155942368735,1.4210854715202004e-14
context_ablation,Shuffled History,66,349.314413189888,56.72374429223744,43.27625570776256,0.021889957081146133,0.013671369411885731,0.0,43.27625570776256,783.6582850348327,0.0,0.3051202077965566,1.4210854715202004e-14
context_ablation,Reversed History,66,348.50040104985237,56.541095890410965,43.45890410958904,0.021896295202943075,0.013124201467611812,0.0,43.45890410958904,782.9116040412662,0.0,0.305718249027058,2.842170943040401e-14
context_ablation,Zero History,66,347.6566661596298,56.24429223744293,43.75570776255708,0.02190321816330448,0.012463273397386449,0.0,43.75570776255708,781.5683515541522,0.0,0.30780099375023723,1.4210854715202004e-14
context_ablation,Shuffled Forecast,66,339.4202698171139,57.32876712328767,42.67123287671233,0.021721384208738297,0.015308089752504306,0.0,42.67123287671233,773.360020308289,0.0,0.30567356839813226,1.4210854715202004e-14
context_ablation,Zero Forecast,66,345.54345703125,56.68949771689498,43.31050228310502,0.021833939245987043,0.010970432139896532,0.0,43.31050228310502,778.8494564865075,0.0,0.3068313452126546,1.4210854715202004e-14
forecast_robustness,SF10,66,343.1195921897888,56.974885844748854,43.025114155251146,0.02179623353966535,0.011330133051153105,0.0,43.025114155251146,777.8070543792312,0.0,0.3047692091285701,1.4210854715202004e-14
forecast_robustness,SF20,66,342.98023465275764,56.99771689497717,43.00228310502283,0.02179391145720704,0.011682132112066663,0.0,43.00228310502283,777.686572364421,0.0,0.30474404896714274,1.4210854715202004e-14
forecast_robustness,SF30,66,342.76786172389984,57.10045662100457,42.89954337899544,0.021790042135302688,0.012226848715801654,0.0,42.89954337899544,777.5117130572901,0.0,0.30469428807209376,2.842170943040401e-14
sequence_sensitivity,k6,66,347.7459305822849,56.51826484018265,43.481735159817354,0.02189462635384961,0.012302067525066433,0.0,43.481735159817354,782.608616537733,0.0,0.3061527116746554,2.842170943040401e-14
sequence_sensitivity,k12,66,344.2585550248623,56.87214611872145,43.12785388127854,0.021826268756456067,0.011898002932504209,0.0,43.12785388127854,779.0401275913381,0.0,0.30522017535236595,1.4210854715202004e-14
sequence_sensitivity,k24,66,342.98023465275764,56.99771689497717,43.00228310502283,0.02179391145720704,0.011682132112066663,0.0,43.00228310502283,777.686572364421,0.0,0.30474404896714274,1.4210854715202004e-14
sequence_sensitivity,k48,66,342.82678085565567,56.91780821917808,43.082191780821915,0.021791534066569584,0.011726871321688287,0.0,43.082191780821915,777.3755329820065,0.0,0.3047993718971727,2.842170943040401e-14
context_ablation,Full,77,339.6196050941944,58.230593607305934,41.769406392694066,0.021495914720979344,0.013217792961202483,0.0,41.769406392694066,770.5285012408702,0.0,0.3040656150579975,1.4210854715202004e-14
context_ablation,No History,77,338.6054114997387,58.00228310502283,41.99771689497717,0.021518326175112505,0.012810207924650662,0.15981735159817353,41.837899543378995,769.569644547654,0.0,0.3043508773816337,1.4210854715202004e-14
context_ablation,No Forecast,77,336.7367370724678,58.49315068493151,41.50684931506849,0.021427941795679684,0.013618855389139806,0.045662100456621,41.46118721461187,767.8111876714631,0.0,0.30357500499415,1.4210854715202004e-14
context_ablation,No Context,77,335.05380153656006,58.230593607305934,41.769406392694066,0.02143815539675574,0.013190811128019675,0.2625570776255708,41.50684931506849,766.2058372705363,0.0,0.3038078159732266,1.4210854715202004e-14
context_ablation,Shuffled History,77,338.05971843004227,58.264840182648406,41.735159817351594,0.02147588226300749,0.01570609712766749,0.05707762557077625,41.678082191780824,768.8416768622839,0.0,0.30423524433141497,1.4210854715202004e-14
context_ablation,Reversed History,77,337.9135856330395,58.28767123287671,41.71232876712329,0.02147200117838367,0.0128343055810078,0.0,41.71232876712329,768.8110279265039,0.0,0.3039786215365571,1.4210854715202004e-14
context_ablation,Zero History,77,341.58460277318954,57.89954337899543,42.10045662100457,0.02156162561542493,0.012860671024314888,0.136986301369863,41.9634703196347,772.3153711774196,0.0,0.30467090079123194,1.4210854715202004e-14
context_ablation,Shuffled Forecast,77,344.20496967434883,58.264840182648406,41.735159817351594,0.02153142695833842,0.01582985855779333,0.0,41.735159817351594,774.7644981188148,0.0,0.30435548401338286,1.4210854715202004e-14
context_ablation,Zero Forecast,77,339.5575852096081,58.41324200913242,41.58675799086758,0.021467311445782896,0.013677566192209728,0.0,41.58675799086758,770.4087889915122,0.0,0.3038731512870558,1.4210854715202004e-14
forecast_robustness,SF10,77,339.5269141793251,58.242009132420094,41.757990867579906,0.02149451090314886,0.013175919908872409,0.0,41.757990867579906,770.4339590839145,0.0,0.30406076206497423,1.4210854715202004e-14
forecast_robustness,SF20,77,339.6196050941944,58.230593607305934,41.769406392694066,0.021495914720979344,0.013217792961202483,0.0,41.769406392694066,770.5285012408702,0.0,0.3040656150579975,1.4210854715202004e-14
forecast_robustness,SF30,77,339.79575034976006,58.20776255707762,41.79223744292238,0.021498457993222808,0.013295056980785026,0.0,41.79223744292238,770.7027027239033,0.0,0.30407608903122074,1.4210854715202004e-14
sequence_sensitivity,k6,77,341.3892042040825,58.025114155251146,41.97488584474886,0.0215375335020019,0.013190306672931248,0.0,41.97488584474886,772.0938241094394,0.0,0.30448153978168757,1.4210854715202004e-14
sequence_sensitivity,k12,77,339.91506162285805,58.18493150684931,41.81506849315069,0.02150316348591811,0.013233447383835322,0.0,41.81506849315069,770.8551744405777,0.0,0.30407923655788915,1.4210854715202004e-14
sequence_sensitivity,k24,77,339.6196050941944,58.230593607305934,41.769406392694066,0.021495914720979344,0.013217792961202483,0.0,41.769406392694066,770.5285012408702,0.0,0.3040656150579975,1.4210854715202004e-14
sequence_sensitivity,k48,77,339.8884114921093,58.19634703196347,41.80365296803653,0.021501768406195765,0.013219351280033622,0.0,41.80365296803653,770.7987801884924,0.0,0.3040797711596943,1.4210854715202004e-14
context_ablation,Full,88,371.18757662177086,49.589041095890416,50.41095890410959,0.022101521553893774,0.022991068519159382,8.356164383561644,42.054794520547944,814.1447415434245,0.0,0.2993769387261885,1.4210854715202004e-14
context_ablation,No History,88,383.10423159599304,47.10045662100457,52.89954337899543,0.022474133471163425,0.024226733543023845,10.947488584474886,41.95205479452055,833.3537951809074,0.0,0.29861074580885183,1.4210854715202004e-14
context_ablation,No Forecast,88,368.75578013062477,46.31278538812785,53.68721461187215,0.022439751215269716,0.023113264114375746,12.0662100456621,41.62100456621005,822.9457544665827,0.0,0.297846869345478,1.4210854715202004e-14
context_ablation,No Context,88,384.0218263566494,44.794520547945204,55.205479452054796,0.022910086412825548,0.024420521791864033,13.41324200913242,41.79223744292238,845.8319323062769,0.0,0.29737963033115344,1.4210854715202004e-14
context_ablation,Shuffled History,88,371.04089719057083,49.06392694063927,50.93607305936073,0.02213036006197665,0.02332572363897986,8.949771689497716,41.986301369863014,815.6778826753127,0.0,0.2987483970822072,1.4210854715202004e-14
context_ablation,Reversed History,88,372.1069703698158,49.38356164383562,50.61643835616438,0.022128886370772982,0.023484464115116038,8.584474885844749,42.03196347031963,815.8077708317932,0.0,0.2990796180467993,1.4210854715202004e-14
context_ablation,Zero History,88,372.37611693143845,46.26712328767123,53.73287671232877,0.02245997294797524,0.023665472393861194,12.04337899543379,41.68949771689498,826.078955554065,0.0,0.2978946549417607,1.4210854715202004e-14
context_ablation,Shuffled Forecast,88,367.7301271557808,46.3013698630137,53.6986301369863,0.02244243496403557,0.025206261709245704,12.11187214611872,41.58675799086758,822.3511963536882,0.0,0.29777878585023465,1.4210854715202004e-14
context_ablation,Zero Forecast,88,361.9360930621624,46.1986301369863,53.801369863013704,0.02243799040262654,0.022741370075763476,12.363013698630137,41.43835616438356,818.4211915282776,0.0,0.2973885616260193,1.4210854715202004e-14
forecast_robustness,SF10,88,370.96807861328125,49.53196347031963,50.46803652968036,0.022101241052133562,0.022732948822060027,8.41324200913242,42.054794520547944,813.9794734704941,0.0,0.2993578614511031,1.4210854715202004e-14
forecast_robustness,SF20,88,371.18757662177086,49.589041095890416,50.41095890410959,0.022101521553893774,0.022991068519159382,8.356164383561644,42.054794520547944,814.1447415434245,0.0,0.2993769387261885,1.4210854715202004e-14
forecast_robustness,SF30,88,371.50488939881325,49.69178082191781,50.30821917808219,0.02210178803915517,0.02334971587289644,8.2648401826484,42.04337899543379,814.3655479295978,0.0,0.29940469970635697,1.4210854715202004e-14
sequence_sensitivity,k6,88,373.770752876997,49.417808219178085,50.582191780821915,0.022140975928889334,0.023258971697065516,8.504566210045663,42.077625570776256,816.9785762840693,0.0,0.29942749815897163,1.4210854715202004e-14
sequence_sensitivity,k12,88,371.59856206178665,49.577625570776256,50.42237442922375,0.022107727953761345,0.023029617202215264,8.356164383561644,42.0662100456621,814.5835430600478,0.0,0.2993927880580155,1.4210854715202004e-14
sequence_sensitivity,k24,88,371.18757662177086,49.589041095890416,50.41095890410959,0.022101521553893774,0.022991068519159382,8.356164383561644,42.054794520547944,814.1447415434245,0.0,0.2993769387261885,1.4210854715202004e-14
sequence_sensitivity,k48,88,371.1752855479717,49.589041095890416,50.41095890410959,0.022101368431608644,0.02299006401519414,8.356164383561644,42.054794520547944,814.1323046496393,0.0,0.2993766847244435,1.4210854715202004e-14
context_ablation,Full,99,302.30165058374405,60.901826484018265,39.098173515981735,0.020973056013393058,0.010038512862154658,0.0,39.098173515981735,740.5374962356021,0.0,0.29901583179388275,1.4210854715202004e-14
context_ablation,No History,99,319.46250623464584,60.36529680365297,39.63470319634703,0.02121611064768323,0.01101721549485968,0.0,39.63470319634703,756.7866284558054,0.0,0.30067742469474273,1.4210854715202004e-14
context_ablation,No Forecast,99,311.3231246471405,60.59360730593607,39.406392694063925,0.021102914125488675,0.010517443158008939,0.0,39.406392694063925,749.300399758293,0.0,0.2996180505190912,1.4210854715202004e-14
context_ablation,No Context,99,336.63821879029274,59.85159817351599,40.14840182648402,0.021447988127904792,0.012416497783065318,0.0,40.14840182648402,773.7343162821536,0.0,0.30124274014184876,1.4210854715202004e-14
context_ablation,Shuffled History,99,305.1046945154667,60.87899543378995,39.12100456621005,0.02100790199376478,0.013496000114294584,0.0,39.12100456621005,743.4503935851892,0.0,0.29918941436141616,1.4210854715202004e-14
context_ablation,Reversed History,99,306.4456260204315,60.87899543378995,39.12100456621005,0.021019775766549162,0.011487317093432065,0.0,39.12100456621005,744.6676821747662,0.0,0.2992269787938474,1.4210854715202004e-14
context_ablation,Zero History,99,322.04883712530136,60.25114155251141,39.74885844748858,0.021255459087849704,0.011159983583203815,0.0,39.74885844748858,759.2266610977872,0.0,0.30097978573871725,1.4210854715202004e-14
context_ablation,Shuffled Forecast,99,306.8173089325428,60.79908675799087,39.200913242009136,0.02103305549109107,0.01566736941972352,0.0,39.200913242009136,745.0235297359523,0.0,0.2990438778905726,1.4210854715202004e-14
context_ablation,Zero Forecast,99,307.43134662508965,60.81050228310503,39.18949771689498,0.021042766546952262,0.010340288293349416,0.0,39.18949771689498,745.6568741188343,0.0,0.2990546928132154,1.4210854715202004e-14
forecast_robustness,SF10,99,302.3451550900936,60.901826484018265,39.098173515981735,0.020973739954502305,0.009896835050894282,0.0,39.098173515981735,740.5805205408208,0.0,0.29902071158551,1.4210854715202004e-14
forecast_robustness,SF20,99,302.30165058374405,60.901826484018265,39.098173515981735,0.020973056013393058,0.010038512862154658,0.0,39.098173515981735,740.5374962356021,0.0,0.29901583179388275,1.4210854715202004e-14
forecast_robustness,SF30,99,302.25587901473045,60.901826484018265,39.098173515981735,0.02097224794863456,0.010370870586644161,0.0,39.098173515981735,740.4929527794229,0.0,0.29900743928409057,1.4210854715202004e-14
sequence_sensitivity,k6,99,305.0659139752388,60.582191780821915,39.41780821917808,0.021010400629710956,0.009281043616967844,0.0,39.41780821917808,742.492411734361,0.0,0.29983922477137115,1.4210854715202004e-14
sequence_sensitivity,k12,99,304.016833037138,60.75342465753425,39.24657534246575,0.020997439904287117,0.010037028445189286,0.0,39.24657534246575,741.8541060469387,0.0,0.29946373410237465,1.4210854715202004e-14
sequence_sensitivity,k24,99,302.30165058374405,60.901826484018265,39.098173515981735,0.020973056013393058,0.010038512862154658,0.0,39.098173515981735,740.5374962356021,0.0,0.29901583179388275,1.4210854715202004e-14
sequence_sensitivity,k48,99,301.77492359280586,60.91324200913242,39.08675799086758,0.020965279081781692,0.01009242549812512,0.0,39.08675799086758,740.0706634330168,0.0,0.2988783934724118,1.4210854715202004e-14
context_ablation,Full,110,325.7873519361019,59.2351598173516,40.764840182648406,0.02141261853356167,0.01774700517958737,0.0,40.764840182648406,761.3470585605105,0.0,0.30339407654567735,1.4210854715202004e-14
context_ablation,No History,110,323.58246117830276,59.086757990867575,40.913242009132425,0.02141961431965951,0.017388791363047933,0.0,40.913242009132425,759.2440585976524,0.0,0.3037038931314939,1.4210854715202004e-14
context_ablation,No Forecast,110,327.8675481379032,59.21232876712329,40.78767123287671,0.02144152200552418,0.017593693448768002,0.0,40.78767123287671,763.3156128129765,0.0,0.3035579334671055,1.4210854715202004e-14
context_ablation,No Context,110,325.4927626848221,58.98401826484019,41.01598173515982,0.02144838591800559,0.017272120122836597,0.0,41.01598173515982,761.0445089037119,0.0,0.3038823586106965,1.4210854715202004e-14
context_ablation,Shuffled History,110,323.74133718013763,59.25799086757991,40.742009132420094,0.021389905583090365,0.017692987015699466,0.0,40.742009132420094,759.3218428571371,0.0,0.3033623872259442,1.4210854715202004e-14
context_ablation,Reversed History,110,324.11502438783646,59.21232876712329,40.78767123287671,0.021397929800656208,0.01751183330475134,0.0,40.78767123287671,759.6674960551375,0.0,0.3033983094836857,1.4210854715202004e-14
context_ablation,Zero History,110,321.93878930807114,59.22374429223745,40.77625570776256,0.021390897474182116,0.017397105295726977,0.0,40.77625570776256,757.746246111214,0.0,0.3034747181664767,1.4210854715202004e-14
context_ablation,Shuffled Forecast,110,326.3848655819893,59.34931506849315,40.650684931506845,0.021414196392096164,0.018867129569919785,0.0,40.650684931506845,761.9493579675581,0.0,0.3033557541584086,1.4210854715202004e-14
context_ablation,Zero Forecast,110,327.36896285414696,59.2351598173516,40.764840182648406,0.02143341500829431,0.017594842650000535,0.0,40.764840182648406,762.8567398689001,0.0,0.30349697815695853,1.4210854715202004e-14
forecast_robustness,SF10,110,325.7935892045498,59.22374429223745,40.77625570776256,0.021413572731496168,0.017705937154027122,0.0,40.77625570776256,761.3555365626402,0.0,0.30339805417568194,1.4210854715202004e-14
forecast_robustness,SF20,110,325.7873519361019,59.2351598173516,40.764840182648406,0.02141261853356167,0.01774700517958737,0.0,40.764840182648406,761.3470585605105,0.0,0.30339407654567735,1.4210854715202004e-14
forecast_robustness,SF30,110,325.7537676393986,59.269406392694066,40.730593607305934,0.021411021351323167,0.017817728914671774,0.0,40.730593607305934,761.3099203135862,0.0,0.3033872968717098,1.4210854715202004e-14
sequence_sensitivity,k6,110,324.8648673892021,59.22374429223745,40.77625570776256,0.021404627524264367,0.017664876855498973,0.0,40.77625570776256,760.3644029328515,0.0,0.30343810887998,1.4210854715202004e-14
sequence_sensitivity,k12,110,326.1754550039768,59.2351598173516,40.764840182648406,0.021416763521458975,0.017766781077290766,0.0,40.764840182648406,761.7300213419506,0.0,0.30339844492661827,1.4210854715202004e-14
sequence_sensitivity,k24,110,325.7873519361019,59.2351598173516,40.764840182648406,0.02141261853356167,0.01774700517958737,0.0,40.764840182648406,761.3470585605105,0.0,0.30339407654567735,1.4210854715202004e-14
sequence_sensitivity,k48,110,325.8240391910076,59.2351598173516,40.764840182648406,0.021413070975866092,0.017750313536790643,0.0,40.764840182648406,761.3835873301397,0.0,0.30339430825191177,1.4210854715202004e-14
