method,seed,trajectory_path,trajectory_rows,trajectory_sha256,checkpoint,checkpoint_sha256,reward_version,evaluation_split,metrics_reconciled
DDPG,11,Results/Dashboard/Trajectories/benchmark_2025_ddpg_seed11.csv,8760,6a863e38f4d86292b9abc26820f49c80cdbd5e4f24f8b446985fa6780931403e,Checkpoints/DDPG/ddpg_seed11_best.pt,81881271ec4156996b4edb6c291f85be94d384f237660af8fb8eaf3e254a31f4,reward_v4,retrospective_final_benchmark_2025,True
DDPG,22,Results/Dashboard/Trajectories/benchmark_2025_ddpg_seed22.csv,8760,b6b7170bc5e1d7a6e02a497efbf36e6e39f1d12c1e245f0b85dcc0b378ed1daf,Checkpoints/DDPG/ddpg_seed22_best.pt,bcd91561238eb78ae8ad52baac85544a21c79cc99eff484392913c7a9e4297a5,reward_v4,retrospective_final_benchmark_2025,True
DDPG,33,Results/Dashboard/Trajectories/benchmark_2025_ddpg_seed33.csv,8760,c487b6864287ca1953a89f03bbfacdd1102cab666c68611293eeee3f4a77b9e1,Checkpoints/DDPG/ddpg_seed33_best.pt,6a7fabbee54534745bb8b1a43e196f6019d7f895efd788c75b23feda6f924efe,reward_v4,retrospective_final_benchmark_2025,True
DDPG,44,Results/Dashboard/Trajectories/benchmark_2025_ddpg_seed44.csv,8760,5e13b3bbd131ca3ecd74ccdc75c4781af94fee3fa7222e18f28d2737fe5c16be,Checkpoints/DDPG/ddpg_seed44_best.pt,262ab9bc1f3f94023dd9d19d8a6d4166873a90a2f9ac3219f326ae2875790fb4,reward_v4,retrospective_final_benchmark_2025,True
DDPG,55,Results/Dashboard/Trajectories/benchmark_2025_ddpg_seed55.csv,8760,a50a69ccd8cdfb81a17dd6b70cf5f48cd87205a46d77b5fac3397b77450dadf7,Checkpoints/DDPG/ddpg_seed55_best.pt,85c2a567732b28762b6d859be975236f4071ef3bcdfa2fd31d9cb27b19cb01f9,reward_v4,retrospective_final_benchmark_2025,True
DDPG,66,Results/Dashboard/Trajectories/benchmark_2025_ddpg_seed66.csv,8760,6c3c911735500cd73c11719865f4f997612f5b288f3ffab95d19e98f34dd2ff1,Checkpoints/DDPG/ddpg_seed66_best.pt,c998fdb9a177131fc6f2a1fef33b7cb4f9e7786b8df46cc6f1e9883a593b5295,reward_v4,retrospective_final_benchmark_2025,True
DDPG,77,Results/Dashboard/Trajectories/benchmark_2025_ddpg_seed77.csv,8760,50eeb05266711b1dd35c626441c807ea84005727319a9038e72cc7d98fe6babd,Checkpoints/DDPG/ddpg_seed77_best.pt,e22394c991c5a25e69a949e5db435ea24db030de6d373b01cb1b31815e40fdcf,reward_v4,retrospective_final_benchmark_2025,True
DDPG,88,Results/Dashboard/Trajectories/benchmark_2025_ddpg_seed88.csv,8760,67a196e836669264a927b1c0e953a58ad9b49e629772e0b7fc5391bbfb58163d,Checkpoints/DDPG/ddpg_seed88_best.pt,92323fd385e46cda48de07c67a13d7540b95ba00f85ad294d2cfa485a6dda5d8,reward_v4,retrospective_final_benchmark_2025,True
DDPG,99,Results/Dashboard/Trajectories/benchmark_2025_ddpg_seed99.csv,8760,30008f46aff2a8f5a8845dd038ab022a60224877e308d4bb9bfe4a7d6504f175,Checkpoints/DDPG/ddpg_seed99_best.pt,269a465058b0bed2f450e8c122a53616d3b4a691b0b0f2c7703da850b54f7ab6,reward_v4,retrospective_final_benchmark_2025,True
DDPG,110,Results/Dashboard/Trajectories/benchmark_2025_ddpg_seed110.csv,8760,e092648070668f5f2f74167623a815616fb2b9f9bcd9098c64b5f188328c5b92,Checkpoints/DDPG/ddpg_seed110_best.pt,9b6a3eb88baebffdd4cb3e1f53121a7f33de9a3007663ad9ed691b9082e31e82,reward_v4,retrospective_final_benchmark_2025,True
TD3,11,Results/Dashboard/Trajectories/benchmark_2025_td3_seed11.csv,8760,d10379a525c9f220a4a0dd12ee75d1fab72a58ddc52d29b5a18a22121c6da9b6,Checkpoints/TD3/td3_seed11_best.pt,3ce1c3cd092c72107f3d141a11e66628f47a30020fe9fcd592a321a0f2e2f724,reward_v4,retrospective_final_benchmark_2025,True
TD3,22,Results/Dashboard/Trajectories/benchmark_2025_td3_seed22.csv,8760,10b642793729e329ce8533016ded8b809defcce64285e2e8c555167ca6dfd407,Checkpoints/TD3/td3_seed22_best.pt,ced943bafa3b4e3fc755f0de7981136338d6ab8b8832e2781ee2da887a3b5b24,reward_v4,retrospective_final_benchmark_2025,True
TD3,33,Results/Dashboard/Trajectories/benchmark_2025_td3_seed33.csv,8760,ff5881d2d501095fc9bd37cdd1808c802334185e743652cf3636377a7817d82c,Checkpoints/TD3/td3_seed33_best.pt,9797a71ddbb5296d5c4b621a47a10ed5e8f2ca1e048b3d0b5eb8785896dcfd99,reward_v4,retrospective_final_benchmark_2025,True
TD3,44,Results/Dashboard/Trajectories/benchmark_2025_td3_seed44.csv,8760,a69936daa429b1400e6e363c4a7cbd1af1639578a74f4aa89d1105fa78ecf76b,Checkpoints/TD3/td3_seed44_best.pt,73f88b2b9924aefcb0bf3f37bf71f24f0bac1df9f23f4afd675fe99d7b2bd538,reward_v4,retrospective_final_benchmark_2025,True
TD3,55,Results/Dashboard/Trajectories/benchmark_2025_td3_seed55.csv,8760,5ee72c90e179e1a60b6799c9a6d7c389c1625d430a04ea7b15e80187a0a8315d,Checkpoints/TD3/td3_seed55_best.pt,fbd53c657caad392edbe7cd0ad716e2291aee90a20fa0ef6cae097b5db7867a1,reward_v4,retrospective_final_benchmark_2025,True
TD3,66,Results/Dashboard/Trajectories/benchmark_2025_td3_seed66.csv,8760,168ddf068839ceec64b2f8245236f1ead886b790a7bd7a7ce0b977bdddf29da4,Checkpoints/TD3/td3_seed66_best.pt,2c92118f55708a6dbeece708fd6754d2592a48cec42c8781f2f53191f34669fa,reward_v4,retrospective_final_benchmark_2025,True
TD3,77,Results/Dashboard/Trajectories/benchmark_2025_td3_seed77.csv,8760,b762870eb6594b1ee5ed7ee09e4794882a1df4bf35edbc6d9cf0d980471bccb0,Checkpoints/TD3/td3_seed77_best.pt,802b4d6559605461e8648692c4362aa407c485367ae56e7cb6c0dfb014c592ab,reward_v4,retrospective_final_benchmark_2025,True
TD3,88,Results/Dashboard/Trajectories/benchmark_2025_td3_seed88.csv,8760,a7ade1c3efe29e02884a81705f7c9be5db64644bc35b8c9093541fff500618a7,Checkpoints/TD3/td3_seed88_best.pt,2408e5fb4331038127a6dcc776aea31d5b44a077cc9b5fc363f9d15e73779068,reward_v4,retrospective_final_benchmark_2025,True
TD3,99,Results/Dashboard/Trajectories/benchmark_2025_td3_seed99.csv,8760,c891b1f258a621fb3ca0a41fcef437d57ea2b2ce7d37d97b97d258c3e5e46c5a,Checkpoints/TD3/td3_seed99_best.pt,06636fecf4c2b5d9a9f537aa375bc674bcd1c48c2d23331cfb327ece50ce4508,reward_v4,retrospective_final_benchmark_2025,True
TD3,110,Results/Dashboard/Trajectories/benchmark_2025_td3_seed110.csv,8760,3de6f483d45682358e75184c9444fa66861d65c50e3f3cd775ae50dce586f718,Checkpoints/TD3/td3_seed110_best.pt,553a426d1bdbe843e40ea725660b471dd1af93d88611a7b39d7782b942a00ee6,reward_v4,retrospective_final_benchmark_2025,True
