seed,episode,reward,steps,updates,actor_loss,critic_loss,alpha_loss,alpha
11,1,-3132.1907835992392,336,0,,,,
11,2,-2307.107518977945,672,173,8.464658737182617,12.417314529418945,-3.976862907409668,0.04935190826654434
11,3,-127.01642291800869,1008,509,12.186537742614746,1.0089601278305054,-2.364926815032959,0.04849470406770706
11,4,361.46464173975033,1344,845,11.43938159942627,1.1919314861297607,-1.8121196031570435,0.047831516712903976
11,5,667.0829140366912,1680,1181,15.010540962219238,1.8748849630355835,-2.328780174255371,0.04698987305164337
11,6,670.9917752841119,2016,1517,7.381755828857422,1.2188012599945068,-2.107694149017334,0.04591859132051468
11,7,-953.9641561141149,2352,1853,20.735197067260742,29.470409393310547,-0.6908084750175476,0.04479113593697548
11,8,-1129.6895164595826,2688,2189,19.603544235229492,2.9960312843322754,-1.4793739318847656,0.043830130249261856
11,9,556.1061007481823,3024,2525,24.226789474487305,14.47335147857666,-0.8791296482086182,0.0429268516600132
11,10,-1466.4250064554385,3360,2861,40.44324493408203,13.021642684936523,-0.32245200872421265,0.04237103834748268
11,11,577.3112890154898,3696,3197,20.971969604492188,17.877159118652344,-1.4932196140289307,0.04195292294025421
11,12,653.5396362427283,4032,3533,20.953369140625,43.17462921142578,-1.6402826309204102,0.0414903424680233
11,13,-234.25957388436035,4368,3869,19.703449249267578,34.17068862915039,0.16175803542137146,0.04123573377728462
11,14,3.860534004827196,4704,4205,29.20067596435547,118.6054916381836,1.009735107421875,0.041246432811021805
11,15,506.0181785910676,5040,4541,23.314912796020508,38.07713317871094,-0.8278339505195618,0.04139659181237221
11,16,671.4141637465358,5376,4877,16.75152587890625,84.2656021118164,0.2991800904273987,0.04149255529046059
11,17,627.2002786074884,5712,5213,16.02422332763672,64.38998413085938,-0.11264723539352417,0.04188361391425133
11,18,671.7532775613666,6048,5549,19.9954891204834,52.71074676513672,0.3381814956665039,0.04287423938512802
11,19,-211.1932974104241,6384,5885,5.2941741943359375,72.29322814941406,-0.11449851095676422,0.04382549971342087
11,20,-746.3456137603232,6720,6221,12.926115989685059,50.12889099121094,-0.9825279712677002,0.04466165602207184
22,1,-3155.8920509410277,336,0,,,,
22,2,-2359.6432882152585,672,173,8.367090225219727,12.170324325561523,-5.2366814613342285,0.04931076988577843
22,3,671.0915858694909,1008,509,11.033334732055664,3.7486371994018555,-4.670025825500488,0.04825540632009506
22,4,-893.0781176025803,1344,845,16.50336456298828,0.671177327632904,-5.117316722869873,0.04701719433069229
22,5,-952.3124517962141,1680,1181,17.352312088012695,1.0723326206207275,-3.7378242015838623,0.045796580612659454
22,6,33.60362340344637,2016,1517,22.489622116088867,2.6436092853546143,-3.5031585693359375,0.044643986970186234
22,7,-402.6033229195411,2352,1853,24.370132446289062,9.231691360473633,-2.598487377166748,0.04353344067931175
22,8,671.1393367931248,2688,2189,23.872636795043945,4.003196716308594,-2.6994783878326416,0.042440325021743774
22,9,-834.8104568148943,3024,2525,17.982492446899414,5.860050201416016,-3.2680273056030273,0.04129738360643387
22,10,610.4587913046275,3360,2861,34.599571228027344,9.26637077331543,-1.2354159355163574,0.04024925455451012
22,11,296.3300634109788,3696,3197,26.61528968811035,8.36614990234375,-2.516180992126465,0.039295896887779236
22,12,-1191.04137286019,4032,3533,22.311561584472656,37.89946746826172,-1.9054511785507202,0.038604702800512314
22,13,-666.9163439652871,4368,3869,31.65991973876953,37.33820724487305,-1.6041717529296875,0.037957753986120224
22,14,580.0564582721424,4704,4205,45.42377853393555,21.386690139770508,0.18109524250030518,0.037313949316740036
22,15,-614.6769296462962,5040,4541,37.32575607299805,15.96086597442627,0.6087576150894165,0.036702025681734085
22,16,-529.3084609682968,5376,4877,30.91836929321289,146.78079223632812,-2.2839624881744385,0.036280419677495956
22,17,-1203.4785381882702,5712,5213,39.615760803222656,52.479583740234375,-0.5205789804458618,0.035908930003643036
22,18,-106.28860342514426,6048,5549,42.943782806396484,133.04495239257812,2.273193359375,0.036066699773073196
22,19,-826.3577155726966,6384,5885,45.91018295288086,508.0766906738281,-0.6073727607727051,0.036348938941955566
22,20,671.397402365506,6720,6221,33.176353454589844,118.36067199707031,0.19697925448417664,0.03625337406992912
33,1,-3290.1676031925304,336,0,,,,
33,2,-2286.2467595495077,672,173,9.248878479003906,3.1510705947875977,-4.894012451171875,0.049291420727968216
33,3,47.9640514496784,1008,509,13.566003799438477,1.3632168769836426,-1.9306491613388062,0.04836258292198181
33,4,-315.2818089306823,1344,845,17.798139572143555,1.0015522241592407,-0.9548877477645874,0.047596368938684464
33,5,517.2806760326648,1680,1181,16.6486759185791,1.8504923582077026,-2.2206201553344727,0.046637579798698425
33,6,-444.3714809823894,2016,1517,21.067787170410156,60.6317024230957,-2.139770030975342,0.045543123036623
33,7,150.86737495189908,2352,1853,18.355457305908203,2.4515929222106934,-1.3561121225357056,0.04447723180055618
33,8,-518.2382315085338,2688,2189,26.550678253173828,6.705735206604004,-1.1745154857635498,0.04348274692893028
33,9,562.1364030382596,3024,2525,27.468774795532227,166.25291442871094,-0.43853330612182617,0.04254927113652229
33,10,671.2516258609294,3360,2861,18.156375885009766,19.197647094726562,-1.6721593141555786,0.041584838181734085
33,11,-637.6901933202751,3696,3197,15.489931106567383,25.320415496826172,-0.4740060567855835,0.040679074823856354
33,12,671.0970282635094,4032,3533,23.282630920410156,42.64421844482422,0.3136442303657532,0.039715446531772614
33,13,671.207560170591,4368,3869,30.70579719543457,31.138267517089844,-1.4830152988433838,0.03862832486629486
33,14,671.2287418690321,4704,4205,15.623074531555176,54.98302459716797,-0.17759110033512115,0.03793716058135033
33,15,-505.19700855893916,5040,4541,21.804584503173828,51.472923278808594,-0.24773769080638885,0.03723055124282837
33,16,441.44850926888245,5376,4877,14.48825740814209,155.43600463867188,-0.07378441095352173,0.03740105777978897
33,17,303.04266673910814,5712,5213,8.64583683013916,110.83731079101562,0.8201408386230469,0.03786534070968628
33,18,-430.42248125668056,6048,5549,4.297146797180176,79.26199340820312,1.1397910118103027,0.03846999630331993
33,19,-997.4485338623542,6384,5885,28.163795471191406,229.50189208984375,1.79376220703125,0.03927529975771904
33,20,-927.7039343594865,6720,6221,28.38794708251953,121.87637329101562,1.296337366104126,0.04015743359923363
